Source,Target,Type,Id,Label,timeset,Weight
606935,1420000,Undirected,1,,,1
606935,14785048,Undirected,2,,,1
606935,21759323,Undirected,3,,,1
606935,27835117,Undirected,4,,,1
606935,48038134,Undirected,5,,,1
606935,51109331,Undirected,6,,,1
606935,123135073,Undirected,7,,,1
606935,163604438,Undirected,8,,,1
606935,238700453,Undirected,9,,,1
1420000,1895348,Undirected,11,,,1
1420000,8091161,Undirected,12,,,1
1420000,10755507,Undirected,13,,,1
1420000,11032809,Undirected,14,,,1
1420000,13678754,Undirected,15,,,1
1420000,14785048,Undirected,16,,,1
1420000,20113344,Undirected,17,,,1
1420000,21718456,Undirected,18,,,1
1420000,27835117,Undirected,19,,,1
1420000,29037626,Undirected,20,,,1
1420000,30554816,Undirected,21,,,1
1420000,41848358,Undirected,22,,,1
1420000,48038134,Undirected,23,,,1
1420000,51109331,Undirected,24,,,1
1420000,51415668,Undirected,25,,,1
1420000,51474395,Undirected,26,,,1
1420000,75730636,Undirected,27,,,1
1420000,92102535,Undirected,28,,,1
1420000,117257470,Undirected,29,,,1
1420000,118572183,Undirected,30,,,1
1420000,154318196,Undirected,31,,,1
1420000,169281899,Undirected,32,,,1
1420000,238700453,Undirected,33,,,1
1420000,244474708,Undirected,34,,,1
1420000,591276730,Undirected,35,,,1
1687066,1895348,Undirected,36,,,1
1687066,15604345,Undirected,37,,,1
1687066,21245937,Undirected,38,,,1
1687066,21759323,Undirected,39,,,1
1687066,27835117,Undirected,40,,,1
1687066,64971391,Undirected,41,,,1
1687066,71079139,Undirected,42,,,1
1687066,123135073,Undirected,43,,,1
1687066,169281899,Undirected,44,,,1
1687066,298914898,Undirected,45,,,1
1687066,467822313,Undirected,46,,,1
1687066,540038266,Undirected,47,,,1
1895348,15604345,Undirected,50,,,1
1895348,20113344,Undirected,51,,,1
1895348,21245937,Undirected,52,,,1
1895348,21759323,Undirected,53,,,1
1895348,27835117,Undirected,54,,,1
1895348,48038134,Undirected,55,,,1
1895348,48823116,Undirected,56,,,1
1895348,51109331,Undirected,57,,,1
1895348,64971391,Undirected,58,,,1
1895348,71079139,Undirected,59,,,1
1895348,298914898,Undirected,60,,,1
1895348,540038266,Undirected,61,,,1
1922205,14785048,Undirected,62,,,1
1922205,24457357,Undirected,63,,,1
3212481,4404190,Undirected,64,,,1
3212481,6746113,Undirected,65,,,1
3212481,13409053,Undirected,66,,,1
3212481,16294266,Undirected,67,,,1
3212481,18871167,Undirected,68,,,1
3212481,22386134,Undirected,69,,,1
3212481,22468715,Undirected,70,,,1
3212481,30019096,Undirected,71,,,1
3212481,30573135,Undirected,72,,,1
3212481,36726292,Undirected,73,,,1
3212481,50030086,Undirected,74,,,1
3212481,97673870,Undirected,75,,,1
3212481,105656625,Undirected,76,,,1
3212481,138385912,Undirected,77,,,1
3212481,234107988,Undirected,78,,,1
3212481,255783283,Undirected,79,,,1
3212481,343057187,Undirected,80,,,1
3212481,546700624,Undirected,81,,,1
4404190,6746113,Undirected,83,,,1
4404190,16294266,Undirected,84,,,1
4404190,18871167,Undirected,85,,,1
4404190,22386134,Undirected,86,,,1
4404190,22468715,Undirected,87,,,1
4404190,22794354,Undirected,88,,,1
4404190,30573135,Undirected,89,,,1
4404190,82877090,Undirected,90,,,1
4404190,97673870,Undirected,91,,,1
4404190,137211660,Undirected,92,,,1
4404190,138385912,Undirected,93,,,1
4404190,141201828,Undirected,94,,,1
4404190,227089859,Undirected,95,,,1
4404190,234107988,Undirected,96,,,1
4404190,255783283,Undirected,97,,,1
4404190,546700624,Undirected,98,,,1
4474300,5023629,Undirected,99,,,1
4474300,18871167,Undirected,100,,,1
4474300,22386134,Undirected,101,,,1
4474300,22794354,Undirected,102,,,1
4474300,30228633,Undirected,103,,,1
4474300,36726292,Undirected,104,,,1
4474300,50030086,Undirected,105,,,1
4474300,97673870,Undirected,106,,,1
4474300,103354854,Undirected,107,,,1
4474300,137694077,Undirected,108,,,1
4474300,138385912,Undirected,109,,,1
4474300,151443934,Undirected,110,,,1
4474300,175647480,Undirected,111,,,1
5023629,6746113,Undirected,113,,,1
5023629,13409053,Undirected,114,,,1
5023629,16294266,Undirected,115,,,1
5023629,16914661,Undirected,116,,,1
5023629,18871167,Undirected,117,,,1
5023629,22425585,Undirected,118,,,1
5023629,22794354,Undirected,119,,,1
5023629,30228633,Undirected,120,,,1
5023629,36726292,Undirected,121,,,1
5023629,50030086,Undirected,122,,,1
5023629,97673870,Undirected,123,,,1
5023629,103354854,Undirected,124,,,1
5023629,137211660,Undirected,125,,,1
5023629,141201828,Undirected,126,,,1
5023629,227089859,Undirected,127,,,1
5649083,105656625,Undirected,128,,,1
5649083,222276427,Undirected,129,,,1
6746113,10755507,Undirected,133,,,1
6746113,13409053,Undirected,134,,,1
6746113,16294266,Undirected,135,,,1
6746113,18871167,Undirected,136,,,1
6746113,20113344,Undirected,137,,,1
6746113,22386134,Undirected,138,,,1
6746113,22425585,Undirected,139,,,1
6746113,22468715,Undirected,140,,,1
6746113,22794354,Undirected,141,,,1
6746113,30019096,Undirected,142,,,1
6746113,30228633,Undirected,143,,,1
6746113,30573135,Undirected,144,,,1
6746113,36726292,Undirected,145,,,1
6746113,50030086,Undirected,146,,,1
6746113,57179635,Undirected,147,,,1
6746113,64971391,Undirected,148,,,1
6746113,82877090,Undirected,149,,,1
6746113,97673870,Undirected,150,,,1
6746113,99535897,Undirected,151,,,1
6746113,101326289,Undirected,152,,,1
6746113,103354854,Undirected,153,,,1
6746113,103505180,Undirected,154,,,1
6746113,137211660,Undirected,155,,,1
6746113,138385912,Undirected,156,,,1
6746113,141201828,Undirected,157,,,1
6746113,151443934,Undirected,158,,,1
6746113,227089859,Undirected,159,,,1
6746113,335898091,Undirected,160,,,1
6746113,467822313,Undirected,161,,,1
8091161,11032809,Undirected,163,,,1
8091161,13678754,Undirected,164,,,1
8091161,14785048,Undirected,165,,,1
8091161,20113344,Undirected,166,,,1
8091161,21718456,Undirected,167,,,1
8091161,21759323,Undirected,168,,,1
8091161,22643458,Undirected,169,,,1
8091161,24457357,Undirected,170,,,1
8091161,27280042,Undirected,171,,,1
8091161,27835117,Undirected,172,,,1
8091161,29560623,Undirected,173,,,1
8091161,30554816,Undirected,174,,,1
8091161,48038134,Undirected,175,,,1
8091161,51109331,Undirected,176,,,1
8091161,51415668,Undirected,177,,,1
8091161,57146654,Undirected,178,,,1
8091161,75730636,Undirected,179,,,1
8091161,92102535,Undirected,180,,,1
8091161,112323601,Undirected,181,,,1
8091161,123135073,Undirected,182,,,1
8091161,163604438,Undirected,183,,,1
8091161,238700453,Undirected,184,,,1
8356527,14785048,Undirected,185,,,1
8356527,92102535,Undirected,186,,,1
10755507,20113344,Undirected,189,,,1
10755507,22221511,Undirected,190,,,1
10755507,48038134,Undirected,191,,,1
10755507,57179635,Undirected,192,,,1
10755507,64971391,Undirected,193,,,1
10755507,99535897,Undirected,194,,,1
10755507,157945423,Undirected,195,,,1
10755507,244474708,Undirected,196,,,1
10755507,467822313,Undirected,197,,,1
11032809,13678754,Undirected,200,,,1
11032809,14785048,Undirected,201,,,1
11032809,19745720,Undirected,202,,,1
11032809,21718456,Undirected,203,,,1
11032809,21759323,Undirected,204,,,1
11032809,22643458,Undirected,205,,,1
11032809,24457357,Undirected,206,,,1
11032809,27280042,Undirected,207,,,1
11032809,27835117,Undirected,208,,,1
11032809,29037626,Undirected,209,,,1
11032809,29560623,Undirected,210,,,1
11032809,30554816,Undirected,211,,,1
11032809,51415668,Undirected,212,,,1
11032809,51474395,Undirected,213,,,1
11032809,57146654,Undirected,214,,,1
11032809,75730636,Undirected,215,,,1
11032809,92102535,Undirected,216,,,1
11032809,112323601,Undirected,217,,,1
11032809,123135073,Undirected,218,,,1
11032809,169281899,Undirected,219,,,1
11032809,238700453,Undirected,220,,,1
11287803,16914661,Undirected,221,,,1
11287803,26982849,Undirected,222,,,1
11287803,105656625,Undirected,223,,,1
11287803,112840687,Undirected,224,,,1
11287803,157117061,Undirected,225,,,1
12890570,81809586,Undirected,226,,,1
13409053,18871167,Undirected,230,,,1
13409053,22425585,Undirected,231,,,1
13409053,22468715,Undirected,232,,,1
13409053,22794354,Undirected,233,,,1
13409053,30573135,Undirected,234,,,1
13409053,36726292,Undirected,235,,,1
13409053,50030086,Undirected,236,,,1
13409053,97673870,Undirected,237,,,1
13409053,137694077,Undirected,238,,,1
13409053,138385912,Undirected,239,,,1
13409053,141201828,Undirected,240,,,1
13678754,14785048,Undirected,244,,,1
13678754,19745720,Undirected,245,,,1
13678754,21718456,Undirected,246,,,1
13678754,21759323,Undirected,247,,,1
13678754,22643458,Undirected,248,,,1
13678754,24457357,Undirected,249,,,1
13678754,27280042,Undirected,250,,,1
13678754,27835117,Undirected,251,,,1
13678754,30554816,Undirected,252,,,1
13678754,51109331,Undirected,253,,,1
13678754,51151239,Undirected,254,,,1
13678754,51474395,Undirected,255,,,1
13678754,55859088,Undirected,256,,,1
13678754,57146654,Undirected,257,,,1
13678754,57179635,Undirected,258,,,1
13678754,75730636,Undirected,259,,,1
13678754,92102535,Undirected,260,,,1
13678754,117257470,Undirected,261,,,1
13678754,123135073,Undirected,262,,,1
13678754,139023671,Undirected,263,,,1
13678754,169281899,Undirected,264,,,1
13678754,238700453,Undirected,265,,,1
13678754,335066620,Undirected,266,,,1
14785048,20113344,Undirected,274,,,1
14785048,24457357,Undirected,275,,,1
14785048,27835117,Undirected,276,,,1
14785048,48038134,Undirected,277,,,1
14785048,51109331,Undirected,278,,,1
14785048,51151239,Undirected,279,,,1
14785048,51415668,Undirected,280,,,1
14785048,55859088,Undirected,281,,,1
14785048,75730636,Undirected,282,,,1
14785048,92102535,Undirected,283,,,1
14785048,112323601,Undirected,284,,,1
14785048,117257470,Undirected,285,,,1
14785048,123135073,Undirected,286,,,1
14785048,163604438,Undirected,287,,,1
14785048,169281899,Undirected,288,,,1
14785048,238700453,Undirected,289,,,1
14785048,591276730,Undirected,290,,,1
15604345,21245937,Undirected,293,,,1
15604345,27835117,Undirected,294,,,1
15604345,64971391,Undirected,295,,,1
15604345,298914898,Undirected,296,,,1
15604345,467822313,Undirected,297,,,1
15604345,540038266,Undirected,298,,,1
15737074,29713255,Undirected,299,,,1
15737074,44213703,Undirected,300,,,1
15737074,57516130,Undirected,301,,,1
15737074,99535897,Undirected,302,,,1
15737074,157945423,Undirected,303,,,1
16294266,18871167,Undirected,308,,,1
16294266,22386134,Undirected,309,,,1
16294266,22468715,Undirected,310,,,1
16294266,30228633,Undirected,311,,,1
16294266,82877090,Undirected,312,,,1
16294266,97673870,Undirected,313,,,1
16294266,103354854,Undirected,314,,,1
16294266,132535988,Undirected,315,,,1
16294266,137211660,Undirected,316,,,1
16294266,138385912,Undirected,317,,,1
16294266,141201828,Undirected,318,,,1
16294266,227089859,Undirected,319,,,1
16914661,105656625,Undirected,322,,,1
16914661,112840687,Undirected,323,,,1
16914661,227089859,Undirected,324,,,1
16914661,546700624,Undirected,325,,,1
18871167,22221511,Undirected,333,,,1
18871167,22386134,Undirected,334,,,1
18871167,22425585,Undirected,335,,,1
18871167,22468715,Undirected,336,,,1
18871167,22794354,Undirected,337,,,1
18871167,30019096,Undirected,338,,,1
18871167,30228633,Undirected,339,,,1
18871167,30573135,Undirected,340,,,1
18871167,36726292,Undirected,341,,,1
18871167,50030086,Undirected,342,,,1
18871167,94858410,Undirected,343,,,1
18871167,97673870,Undirected,344,,,1
18871167,101326289,Undirected,345,,,1
18871167,103354854,Undirected,346,,,1
18871167,132535988,Undirected,347,,,1
18871167,137211660,Undirected,348,,,1
18871167,137694077,Undirected,349,,,1
18871167,138385912,Undirected,350,,,1
18871167,141201828,Undirected,351,,,1
18871167,151443934,Undirected,352,,,1
18871167,335898091,Undirected,353,,,1
19296294,27835117,Undirected,354,,,1
19296294,79993521,Undirected,355,,,1
19296294,393042942,Undirected,356,,,1
19745720,21718456,Undirected,359,,,1
19745720,21759323,Undirected,360,,,1
19745720,22643458,Undirected,361,,,1
19745720,24457357,Undirected,362,,,1
19745720,27280042,Undirected,363,,,1
19745720,27835117,Undirected,364,,,1
19745720,29560623,Undirected,365,,,1
19745720,92102535,Undirected,366,,,1
19745720,117257470,Undirected,367,,,1
19745720,123135073,Undirected,368,,,1
19745720,139023671,Undirected,369,,,1
19745720,185242892,Undirected,370,,,1
20113344,22221511,Undirected,377,,,1
20113344,26919756,Undirected,378,,,1
20113344,27835117,Undirected,379,,,1
20113344,29037626,Undirected,380,,,1
20113344,30554816,Undirected,381,,,1
20113344,41848358,Undirected,382,,,1
20113344,48038134,Undirected,383,,,1
20113344,51109331,Undirected,384,,,1
20113344,51474395,Undirected,385,,,1
20113344,64971391,Undirected,386,,,1
20113344,81809586,Undirected,387,,,1
20113344,92102535,Undirected,388,,,1
20113344,95872161,Undirected,389,,,1
20113344,99535897,Undirected,390,,,1
20113344,117257470,Undirected,391,,,1
20113344,118572183,Undirected,392,,,1
20113344,139538492,Undirected,393,,,1
20113344,154318196,Undirected,394,,,1
20113344,238700453,Undirected,395,,,1
20113344,244474708,Undirected,396,,,1
20113344,253520047,Undirected,397,,,1
20113344,591276730,Undirected,398,,,1
21245937,27835117,Undirected,402,,,1
21245937,64971391,Undirected,403,,,1
21245937,298914898,Undirected,404,,,1
21718456,24457357,Undirected,410,,,1
21718456,27280042,Undirected,411,,,1
21718456,27835117,Undirected,412,,,1
21718456,51474395,Undirected,413,,,1
21718456,57146654,Undirected,414,,,1
21718456,75730636,Undirected,415,,,1
21718456,92102535,Undirected,416,,,1
21718456,112323601,Undirected,417,,,1
21718456,117257470,Undirected,418,,,1
21718456,123135073,Undirected,419,,,1
21718456,139023671,Undirected,420,,,1
21718456,157945423,Undirected,421,,,1
21718456,169281899,Undirected,422,,,1
21759323,22643458,Undirected,430,,,1
21759323,24457357,Undirected,431,,,1
21759323,27835117,Undirected,432,,,1
21759323,29560623,Undirected,433,,,1
21759323,55859088,Undirected,434,,,1
21759323,112323601,Undirected,435,,,1
21759323,117257470,Undirected,436,,,1
21759323,118572183,Undirected,437,,,1
21759323,123135073,Undirected,438,,,1
21759323,163604438,Undirected,439,,,1
21759323,169281899,Undirected,440,,,1
21759323,335066620,Undirected,441,,,1
22221511,27835117,Undirected,445,,,1
22221511,29713255,Undirected,446,,,1
22221511,41848358,Undirected,447,,,1
22221511,57179635,Undirected,448,,,1
22221511,92102535,Undirected,449,,,1
22221511,99535897,Undirected,450,,,1
22221511,118572183,Undirected,451,,,1
22221511,138385912,Undirected,452,,,1
22221511,157945423,Undirected,453,,,1
22221511,467822313,Undirected,454,,,1
22386134,22425585,Undirected,461,,,1
22386134,22468715,Undirected,462,,,1
22386134,30019096,Undirected,463,,,1
22386134,30228633,Undirected,464,,,1
22386134,36726292,Undirected,465,,,1
22386134,82877090,Undirected,466,,,1
22386134,97673870,Undirected,467,,,1
22386134,101326289,Undirected,468,,,1
22386134,103354854,Undirected,469,,,1
22386134,137211660,Undirected,470,,,1
22386134,137694077,Undirected,471,,,1
22386134,138385912,Undirected,472,,,1
22386134,141201828,Undirected,473,,,1
22386134,335898091,Undirected,474,,,1
22425585,30573135,Undirected,480,,,1
22425585,36726292,Undirected,481,,,1
22425585,97673870,Undirected,482,,,1
22425585,101326289,Undirected,483,,,1
22425585,137211660,Undirected,484,,,1
22425585,138385912,Undirected,485,,,1
22425585,141201828,Undirected,486,,,1
22425585,335898091,Undirected,487,,,1
22468715,22794354,Undirected,495,,,1
22468715,30019096,Undirected,496,,,1
22468715,30228633,Undirected,497,,,1
22468715,30573135,Undirected,498,,,1
22468715,36726292,Undirected,499,,,1
22468715,50030086,Undirected,500,,,1
22468715,82877090,Undirected,501,,,1
22468715,97673870,Undirected,502,,,1
22468715,101326289,Undirected,503,,,1
22468715,103354854,Undirected,504,,,1
22468715,103505180,Undirected,505,,,1
22468715,105656625,Undirected,506,,,1
22468715,132535988,Undirected,507,,,1
22468715,137211660,Undirected,508,,,1
22468715,137694077,Undirected,509,,,1
22468715,138385912,Undirected,510,,,1
22468715,141201828,Undirected,511,,,1
22468715,151443934,Undirected,512,,,1
22468715,335898091,Undirected,513,,,1
22480390,32040312,Undirected,514,,,1
22480390,105656625,Undirected,515,,,1
22480390,112840687,Undirected,516,,,1
22480390,209543255,Undirected,517,,,1
22480390,546700624,Undirected,518,,,1
22643458,27835117,Undirected,524,,,1
22643458,29037626,Undirected,525,,,1
22643458,51151239,Undirected,526,,,1
22643458,51415668,Undirected,527,,,1
22643458,55859088,Undirected,528,,,1
22643458,75730636,Undirected,529,,,1
22643458,123135073,Undirected,530,,,1
22643458,335066620,Undirected,531,,,1
22794354,36726292,Undirected,539,,,1
22794354,44213703,Undirected,540,,,1
22794354,82877090,Undirected,541,,,1
22794354,97673870,Undirected,542,,,1
22794354,101326289,Undirected,543,,,1
22794354,132535988,Undirected,544,,,1
22794354,138385912,Undirected,545,,,1
22794354,141201828,Undirected,546,,,1
22794354,227089859,Undirected,547,,,1
22794354,237113671,Undirected,548,,,1
24457357,27280042,Undirected,557,,,1
24457357,27835117,Undirected,558,,,1
24457357,29560623,Undirected,559,,,1
24457357,51474395,Undirected,560,,,1
24457357,55859088,Undirected,561,,,1
24457357,57146654,Undirected,562,,,1
24457357,75730636,Undirected,563,,,1
24457357,92102535,Undirected,564,,,1
24457357,112323601,Undirected,565,,,1
24457357,117257470,Undirected,566,,,1
24457357,123135073,Undirected,567,,,1
24457357,139023671,Undirected,568,,,1
24457357,169281899,Undirected,569,,,1
26919756,27835117,Undirected,571,,,1
26919756,41848358,Undirected,572,,,1
26919756,48038134,Undirected,573,,,1
26919756,51109331,Undirected,574,,,1
26919756,51474395,Undirected,575,,,1
26919756,81809586,Undirected,576,,,1
26919756,95872161,Undirected,577,,,1
26919756,117257470,Undirected,578,,,1
26919756,118572183,Undirected,579,,,1
26919756,139538492,Undirected,580,,,1
26919756,154318196,Undirected,581,,,1
26919756,238700453,Undirected,582,,,1
26919756,244474708,Undirected,583,,,1
26919756,591276730,Undirected,584,,,1
26982849,94858410,Undirected,586,,,1
26982849,105656625,Undirected,587,,,1
26982849,157117061,Undirected,588,,,1
26982849,227089859,Undirected,589,,,1
27280042,27835117,Undirected,596,,,1
27280042,57146654,Undirected,597,,,1
27280042,75730636,Undirected,598,,,1
27280042,92102535,Undirected,599,,,1
27280042,123135073,Undirected,600,,,1
27280042,139023671,Undirected,601,,,1
27280042,169281899,Undirected,602,,,1
27835117,29037626,Undirected,623,,,1
27835117,30554816,Undirected,624,,,1
27835117,41848358,Undirected,625,,,1
27835117,48038134,Undirected,626,,,1
27835117,48823116,Undirected,627,,,1
27835117,51109331,Undirected,628,,,1
27835117,51151239,Undirected,629,,,1
27835117,51415668,Undirected,630,,,1
27835117,55859088,Undirected,631,,,1
27835117,64971391,Undirected,632,,,1
27835117,71079139,Undirected,633,,,1
27835117,75730636,Undirected,634,,,1
27835117,79993521,Undirected,635,,,1
27835117,81809586,Undirected,636,,,1
27835117,92102535,Undirected,637,,,1
27835117,95872161,Undirected,638,,,1
27835117,112323601,Undirected,639,,,1
27835117,117257470,Undirected,640,,,1
27835117,118572183,Undirected,641,,,1
27835117,123135073,Undirected,642,,,1
27835117,139023671,Undirected,643,,,1
27835117,139538492,Undirected,644,,,1
27835117,154318196,Undirected,645,,,1
27835117,157945423,Undirected,646,,,1
27835117,169281899,Undirected,647,,,1
27835117,185242892,Undirected,648,,,1
27835117,200219603,Undirected,649,,,1
27835117,227089859,Undirected,650,,,1
27835117,238700453,Undirected,651,,,1
27835117,244474708,Undirected,652,,,1
27835117,253520047,Undirected,653,,,1
27835117,298914898,Undirected,654,,,1
27835117,335066620,Undirected,655,,,1
27835117,591276730,Undirected,656,,,1
29037626,30554816,Undirected,662,,,1
29037626,48038134,Undirected,663,,,1
29037626,51109331,Undirected,664,,,1
29037626,51415668,Undirected,665,,,1
29037626,92102535,Undirected,666,,,1
29037626,110543924,Undirected,667,,,1
29037626,117257470,Undirected,668,,,1
29037626,118572183,Undirected,669,,,1
29037626,163604438,Undirected,670,,,1
29037626,200219603,Undirected,671,,,1
29037626,238700453,Undirected,672,,,1
29037626,253520047,Undirected,673,,,1
29037626,591276730,Undirected,674,,,1
29560623,51474395,Undirected,680,,,1
29560623,55859088,Undirected,681,,,1
29560623,57146654,Undirected,682,,,1
29560623,123135073,Undirected,683,,,1
29560623,169281899,Undirected,684,,,1
29560623,335066620,Undirected,685,,,1
29713255,44213703,Undirected,688,,,1
29713255,57179635,Undirected,689,,,1
29713255,99535897,Undirected,690,,,1
29713255,157945423,Undirected,691,,,1
30019096,30573135,Undirected,697,,,1
30019096,97673870,Undirected,698,,,1
30019096,103354854,Undirected,699,,,1
30019096,138385912,Undirected,700,,,1
30019096,141201828,Undirected,701,,,1
30019096,227089859,Undirected,702,,,1
30019096,234107988,Undirected,703,,,1
30019096,255783283,Undirected,704,,,1
30019096,297264347,Undirected,705,,,1
30019096,546700624,Undirected,706,,,1
30228633,30573135,Undirected,714,,,1
30228633,36726292,Undirected,715,,,1
30228633,82877090,Undirected,716,,,1
30228633,97673870,Undirected,717,,,1
30228633,101326289,Undirected,718,,,1
30228633,103354854,Undirected,719,,,1
30228633,137211660,Undirected,720,,,1
30228633,137694077,Undirected,721,,,1
30228633,138385912,Undirected,722,,,1
30228633,141201828,Undirected,723,,,1
30228633,151443934,Undirected,724,,,1
30554816,48038134,Undirected,732,,,1
30554816,51109331,Undirected,733,,,1
30554816,92102535,Undirected,734,,,1
30554816,110543924,Undirected,735,,,1
30554816,117257470,Undirected,736,,,1
30554816,163604438,Undirected,737,,,1
30554816,200219603,Undirected,738,,,1
30554816,238700453,Undirected,739,,,1
30554816,253520047,Undirected,740,,,1
30573135,97673870,Undirected,750,,,1
30573135,101326289,Undirected,751,,,1
30573135,103354854,Undirected,752,,,1
30573135,103505180,Undirected,753,,,1
30573135,105656625,Undirected,754,,,1
30573135,132535988,Undirected,755,,,1
30573135,138385912,Undirected,756,,,1
30573135,141201828,Undirected,757,,,1
30573135,151443934,Undirected,758,,,1
30573135,174482074,Undirected,759,,,1
30573135,234107988,Undirected,760,,,1
30573135,255783283,Undirected,761,,,1
30573135,335898091,Undirected,762,,,1
30573135,546700624,Undirected,763,,,1
32040312,105656625,Undirected,765,,,1
32040312,112840687,Undirected,766,,,1
32040312,546700624,Undirected,767,,,1
36726292,50030086,Undirected,779,,,1
36726292,82877090,Undirected,780,,,1
36726292,97673870,Undirected,781,,,1
36726292,101326289,Undirected,782,,,1
36726292,103354854,Undirected,783,,,1
36726292,137211660,Undirected,784,,,1
36726292,137694077,Undirected,785,,,1
36726292,138385912,Undirected,786,,,1
36726292,141201828,Undirected,787,,,1
36726292,151443934,Undirected,788,,,1
36726292,175647480,Undirected,789,,,1
41848358,48038134,Undirected,795,,,1
41848358,51474395,Undirected,796,,,1
41848358,81809586,Undirected,797,,,1
41848358,92102535,Undirected,798,,,1
41848358,99535897,Undirected,799,,,1
41848358,117257470,Undirected,800,,,1
41848358,118572183,Undirected,801,,,1
41848358,139538492,Undirected,802,,,1
41848358,238700453,Undirected,803,,,1
41848358,244474708,Undirected,804,,,1
41848358,591276730,Undirected,805,,,1
44213703,57516130,Undirected,809,,,1
44213703,99535897,Undirected,810,,,1
44213703,157945423,Undirected,811,,,1
44278930,57876533,Undirected,812,,,1
44278930,94858410,Undirected,813,,,1
44278930,237113671,Undirected,814,,,1
48038134,51109331,Undirected,827,,,1
48038134,51474395,Undirected,828,,,1
48038134,92102535,Undirected,829,,,1
48038134,95872161,Undirected,830,,,1
48038134,99535897,Undirected,831,,,1
48038134,117257470,Undirected,832,,,1
48038134,118572183,Undirected,833,,,1
48038134,139538492,Undirected,834,,,1
48038134,154318196,Undirected,835,,,1
48038134,200219603,Undirected,836,,,1
48038134,238700453,Undirected,837,,,1
48038134,244474708,Undirected,838,,,1
48038134,253520047,Undirected,839,,,1
48038134,591276730,Undirected,840,,,1
48038176,145583748,Undirected,841,,,1
48823116,117257470,Undirected,844,,,1
48823116,298914898,Undirected,845,,,1
50030086,97673870,Undirected,854,,,1
50030086,103354854,Undirected,855,,,1
50030086,138385912,Undirected,856,,,1
50030086,175647480,Undirected,857,,,1
51109331,51151239,Undirected,870,,,1
51109331,51474395,Undirected,871,,,1
51109331,75730636,Undirected,872,,,1
51109331,95872161,Undirected,873,,,1
51109331,117257470,Undirected,874,,,1
51109331,118572183,Undirected,875,,,1
51109331,238700453,Undirected,876,,,1
51109331,244474708,Undirected,877,,,1
51109331,253520047,Undirected,878,,,1
51109331,591276730,Undirected,879,,,1
51151239,51474395,Undirected,885,,,1
51151239,75730636,Undirected,886,,,1
51151239,92102535,Undirected,887,,,1
51151239,163604438,Undirected,888,,,1
51151239,169281899,Undirected,889,,,1
51415668,117257470,Undirected,897,,,1
51415668,238700453,Undirected,898,,,1
51474395,75730636,Undirected,911,,,1
51474395,92102535,Undirected,912,,,1
51474395,117257470,Undirected,913,,,1
51474395,169281899,Undirected,914,,,1
51474395,238700453,Undirected,915,,,1
55859088,57146654,Undirected,923,,,1
55859088,75730636,Undirected,924,,,1
55859088,92102535,Undirected,925,,,1
55859088,123135073,Undirected,926,,,1
55859088,335066620,Undirected,927,,,1
57146654,92102535,Undirected,936,,,1
57146654,123135073,Undirected,937,,,1
57146654,335066620,Undirected,938,,,1
57179635,64971391,Undirected,944,,,1
57179635,99535897,Undirected,945,,,1
57179635,157945423,Undirected,946,,,1
57179635,467822313,Undirected,947,,,1
57516130,99535897,Undirected,950,,,1
57516130,157945423,Undirected,951,,,1
57876533,137694077,Undirected,953,,,1
57876533,237113671,Undirected,954,,,1
64971391,298914898,Undirected,964,,,1
64971391,467822313,Undirected,965,,,1
71079139,298914898,Undirected,969,,,1
75730636,92102535,Undirected,984,,,1
75730636,112323601,Undirected,985,,,1
75730636,117257470,Undirected,986,,,1
75730636,123135073,Undirected,987,,,1
75730636,169281899,Undirected,988,,,1
79993521,92102535,Undirected,991,,,1
79993521,393042942,Undirected,992,,,1
81809586,95872161,Undirected,998,,,1
81809586,117257470,Undirected,999,,,1
81809586,118572183,Undirected,1000,,,1
81809586,154318196,Undirected,1001,,,1
81809586,238700453,Undirected,1002,,,1
81809586,244474708,Undirected,1003,,,1
81809586,591276730,Undirected,1004,,,1
82877090,97673870,Undirected,1013,,,1
82877090,137211660,Undirected,1014,,,1
92102535,112323601,Undirected,1038,,,1
92102535,117257470,Undirected,1039,,,1
92102535,118572183,Undirected,1040,,,1
92102535,123135073,Undirected,1041,,,1
92102535,139023671,Undirected,1042,,,1
92102535,154318196,Undirected,1043,,,1
92102535,157945423,Undirected,1044,,,1
92102535,169281899,Undirected,1045,,,1
92102535,238700453,Undirected,1046,,,1
92102535,244474708,Undirected,1047,,,1
92102535,253520047,Undirected,1048,,,1
92102535,335066620,Undirected,1049,,,1
92102535,393042942,Undirected,1050,,,1
94858410,105656625,Undirected,1054,,,1
94858410,227089859,Undirected,1055,,,1
94858410,237113671,Undirected,1056,,,1
94858410,546700624,Undirected,1057,,,1
95872161,117257470,Undirected,1064,,,1
95872161,118572183,Undirected,1065,,,1
95872161,139538492,Undirected,1066,,,1
95872161,238700453,Undirected,1067,,,1
95872161,244474708,Undirected,1068,,,1
95872161,591276730,Undirected,1069,,,1
97673870,101326289,Undirected,1088,,,1
97673870,103354854,Undirected,1089,,,1
97673870,103505180,Undirected,1090,,,1
97673870,137211660,Undirected,1091,,,1
97673870,137694077,Undirected,1092,,,1
97673870,138385912,Undirected,1093,,,1
97673870,141201828,Undirected,1094,,,1
97673870,151443934,Undirected,1095,,,1
97673870,227089859,Undirected,1096,,,1
97673870,335898091,Undirected,1097,,,1
97673870,467822313,Undirected,1098,,,1
99535897,157945423,Undirected,1110,,,1
99535897,467822313,Undirected,1111,,,1
101326289,103354854,Undirected,1122,,,1
101326289,132535988,Undirected,1123,,,1
101326289,137211660,Undirected,1124,,,1
101326289,138385912,Undirected,1125,,,1
101326289,141201828,Undirected,1126,,,1
101326289,151443934,Undirected,1127,,,1
101326289,335898091,Undirected,1128,,,1
103354854,137211660,Undirected,1143,,,1
103354854,138385912,Undirected,1144,,,1
103354854,141201828,Undirected,1145,,,1
103354854,151443934,Undirected,1146,,,1
103354854,335898091,Undirected,1147,,,1
103505180,105656625,Undirected,1152,,,1
103505180,209543255,Undirected,1153,,,1
105656625,107525704,Undirected,1165,,,1
105656625,112840687,Undirected,1166,,,1
105656625,120215321,Undirected,1167,,,1
105656625,157117061,Undirected,1168,,,1
105656625,174482074,Undirected,1169,,,1
105656625,187173047,Undirected,1170,,,1
105656625,222276427,Undirected,1171,,,1
105656625,227089859,Undirected,1172,,,1
105656625,234107988,Undirected,1173,,,1
105656625,255783283,Undirected,1174,,,1
105656625,297264347,Undirected,1175,,,1
105656625,343057187,Undirected,1176,,,1
105656625,546700624,Undirected,1177,,,1
107525704,112840687,Undirected,1179,,,1
107525704,174482074,Undirected,1180,,,1
107525704,222276427,Undirected,1181,,,1
107525704,234107988,Undirected,1182,,,1
107525704,343057187,Undirected,1183,,,1
107525704,546700624,Undirected,1184,,,1
110543924,200219603,Undirected,1187,,,1
110543924,253520047,Undirected,1188,,,1
112323601,117257470,Undirected,1198,,,1
112840687,157117061,Undirected,1205,,,1
112840687,174482074,Undirected,1206,,,1
112840687,209543255,Undirected,1207,,,1
112840687,546700624,Undirected,1208,,,1
117257470,118572183,Undirected,1232,,,1
117257470,139538492,Undirected,1233,,,1
117257470,154318196,Undirected,1234,,,1
117257470,169281899,Undirected,1235,,,1
117257470,244474708,Undirected,1236,,,1
117257470,253520047,Undirected,1237,,,1
117257470,591276730,Undirected,1238,,,1
118572183,139538492,Undirected,1253,,,1
118572183,154318196,Undirected,1254,,,1
118572183,238700453,Undirected,1255,,,1
118572183,244474708,Undirected,1256,,,1
118572183,253520047,Undirected,1257,,,1
118572183,591276730,Undirected,1258,,,1
120215321,546700624,Undirected,1260,,,1
123135073,169281899,Undirected,1279,,,1
123135073,238700453,Undirected,1280,,,1
123135073,335066620,Undirected,1281,,,1
132535988,138385912,Undirected,1288,,,1
132535988,141201828,Undirected,1289,,,1
132535988,335898091,Undirected,1290,,,1
137211660,137694077,Undirected,1305,,,1
137211660,138385912,Undirected,1306,,,1
137211660,141201828,Undirected,1307,,,1
137211660,151443934,Undirected,1308,,,1
137211660,335898091,Undirected,1309,,,1
138385912,141201828,Undirected,1342,,,1
138385912,146517989,Undirected,1343,,,1
138385912,151443934,Undirected,1344,,,1
138385912,335898091,Undirected,1345,,,1
139023671,169281899,Undirected,1353,,,1
139538492,154318196,Undirected,1362,,,1
139538492,238700453,Undirected,1363,,,1
139538492,244474708,Undirected,1364,,,1
139538492,591276730,Undirected,1365,,,1
141201828,151443934,Undirected,1386,,,1
141201828,227089859,Undirected,1387,,,1
141201828,234107988,Undirected,1388,,,1
141201828,335898091,Undirected,1389,,,1
141201828,546700624,Undirected,1390,,,1
146517989,185242892,Undirected,1393,,,1
154318196,238700453,Undirected,1417,,,1
154318196,244474708,Undirected,1418,,,1
154318196,591276730,Undirected,1419,,,1
157945423,227089859,Undirected,1435,,,1
163604438,238700453,Undirected,1443,,,1
163604438,335066620,Undirected,1444,,,1
169281899,298914898,Undirected,1463,,,1
174482074,234107988,Undirected,1468,,,1
174482074,546700624,Undirected,1469,,,1
190784271,227089859,Undirected,1477,,,1
200219603,253520047,Undirected,1483,,,1
209543255,222276427,Undirected,1487,,,1
209543255,255783283,Undirected,1488,,,1
209543255,546700624,Undirected,1489,,,1
222276427,546700624,Undirected,1494,,,1
227089859,546700624,Undirected,1510,,,1
234107988,255783283,Undirected,1519,,,1
234107988,343057187,Undirected,1520,,,1
234107988,546700624,Undirected,1521,,,1
238700453,244474708,Undirected,1550,,,1
238700453,591276730,Undirected,1551,,,1
244474708,253520047,Undirected,1568,,,1
244474708,591276730,Undirected,1569,,,1
255783283,297264347,Undirected,1588,,,1
255783283,343057187,Undirected,1589,,,1
255783283,546700624,Undirected,1590,,,1
297264347,546700624,Undirected,1594,,,1
298914898,540038266,Undirected,1604,,,1
343057187,546700624,Undirected,1632,,,1
